title,slug,platform,file_code,category,tags,thumbnail,description
沙滩排球精彩片段,beach-volleyball-spain,doodstream,mzxl4jtw4n47,sports,"沙滩排球,比赛,精彩集锦",https://ticdn.net/splash/a55x1t6turfc7trh.jpg,西班牙 vs 拉脱维亚女子沙滩排球比赛精彩片段在线观看
搞笑动物合集 01,funny-animals-01,doodstream,bs246jit6zyg,entertainment,"搞笑,动物,萌宠",,搞笑动物视频合集，萌宠精彩时刻
极限运动剪辑 01,extreme-sports-01,doodstream,of201wzjxxwl,sports,"极限运动,刺激,精彩",,极限运动精彩片段在线观看
音乐MV精选 01,music-mv-01,doodstream,uaczllobp63a,music,"音乐,MV,精选",,精选音乐MV高清在线观看
游戏精彩时刻 01,gaming-moments-01,doodstream,p2kmwiqu6sjf,gaming,"游戏,精彩时刻,电竞",,游戏精彩操作集锦在线观看
搞笑视频合集 01,funny-videos-01,lulustream,ix0uuyeysg73,entertainment,"搞笑,合集,快乐",,搞笑短视频合集，让你笑不停
旅行风光 01,travel-scenery-01,lulustream,zmcoxts0c2ap,travel,"旅行,风景,自然",,全球旅行风光精彩片段
美食制作 01,cooking-01,lulustream,ray0k2p287bn,food,"美食,烹饪,教程",,美食制作教程在线观看
萌宠日常 01,pet-daily-01,lulustream,a6f97ou93ns8,animals,"萌宠,宠物,日常",,萌宠日常生活搞笑视频
科技评测 01,tech-review-01,lulustream,6j1gqrkv5y56,tech,"科技,评测,数码",,最新数码产品评测视频
健身教学 01,fitness-01,lulustream,0dunq6g65bdu,fitness,"健身,运动,教学",,居家健身教学视频在线观看
音乐现场 01,live-music-01,lulustream,6to4y63387q8,music,"音乐,现场,演唱会",,精彩音乐现场表演视频
搞笑挑战 01,funny-challenge-01,lulustream,jcdmq33ebjxt,entertainment,"搞笑,挑战,游戏",,搞笑挑战视频合集
自然风光 01,nature-scenery-01,lulustream,hfpz9jb0dvac,travel,"自然,风景,放松",,绝美自然风光欣赏
游戏攻略 01,gaming-guide-01,lulustream,k797g1w9811b,gaming,"游戏,攻略,教程",,游戏攻略教学视频
舞蹈表演 01,dance-performance-01,lulustream,6qfj9h6v18tr,entertainment,"舞蹈,表演,才艺",,精彩舞蹈表演视频
创意短片 01,creative-short-01,lulustream,8iklrz8bcbsm,entertainment,"创意,短片,有趣",,创意短视频在线观看
汽车评测 01,car-review-01,lulustream,1ajamtbbctct,tech,"汽车,评测,试驾",,最新汽车评测视频
魔术表演 01,magic-show-01,lulustream,uiur2cxv4nbb,entertainment,"魔术,表演,神奇",,精彩魔术表演在线观看
动画短片 01,animation-01,lulustream,pt460lj93ln9,entertainment,"动画,短片,精彩",,精选动画短片在线观看
体育集锦 01,sports-highlights-01,lulustream,ulhs5f1jiqkb,sports,"体育,集锦,比赛",,体育比赛精彩集锦
搞笑动物合集 02,funny-animals-02,vinovo,0pvpw8yrivjjy0,animals,"搞笑,动物,萌宠",,更多搞笑动物视频合集
极限运动剪辑 02,extreme-sports-02,vinovo,3q4qw6wgij60or,sports,"极限运动,刺激,挑战",,极限运动精彩剪辑在线观看
音乐MV精选 02,music-mv-02,vinovo,3q4qw7dvbjxnoj,music,"音乐,MV,高清",,最新音乐MV精选在线观看
旅行日记 01,travel-diary-01,vinovo,8gngxr4gijx4y5p,travel,"旅行,日记,精彩",,旅行日记视频分享
搞笑视频合集 02,funny-videos-02,vidoza,hkyhhpgps9fv,entertainment,"搞笑,视频,快乐",,搞笑视频合集第二弹
游戏实况 01,gaming-live-01,vidoza,a6rw4g9ogivt,gaming,"游戏,实况,直播",,游戏实况录制精彩片段
美食探店 01,food-explore-01,vidoza,chvzf6l40dzv,food,"美食,探店,小吃",,各地美食探店视频
风景延时 01,timelapse-01,vidoza,czzrrxboisov,travel,"风景,延时,摄影",,绝美延时摄影风景视频
精彩剪辑 01,highlight-01,upbolt,78rryrjelviv,entertainment,"精彩,剪辑",,精彩视频剪辑在线观看
热门视频 01,trending-01,upbolt,p9x4u0po7vit,entertainment,"热门,精选",,热门精选视频在线观看
精选内容 01,featured-01,upbolt,vov1p7ovnwll,entertainment,"精选,推荐",,精选推荐内容在线观看
精彩瞬间 01,moment-01,upbolt,q1u3u2jkhgvn,entertainment,"精彩,瞬间",,精彩瞬间视频在线观看
